candidate_id,full_name,source,profile_created_date
1,Allison Hill,LinkedIn,2024-05-14
2,Brian Yang, LinkedIn ,2024-09-16
3,Javier Johnson,Career Page,2024-05-12
4,Lance Hoffman,Referral,2024-11-22
5,Kimberly Robinson,Referral,2024-10-03
6,Sean Blake,Referral,2024-04-20
7,Gina Moore,LinkedIn,2024-12-10
8,Brandon Davis,LinkedIn,2025-01-12
9,Dennis Williams,Agency,2024-08-14
10,Valerie Gray,LinkedIn,2024-09-19
11,Mark Mcclure,LinkedIn,2024-07-07
12,Michele Williams,LinkedIn,2024-05-16
13,Victoria Wyatt,Referral,2025-01-19
14,Donald Reid,Referral,2024-07-08
15,Henry Santiago,LinkedIn,2024-11-16
16,Maria Lynch,Referral,2024-04-24
17,Danielle Ford,Agency,2024-06-01
18,Margaret Hawkins DDS,Referral,2025-01-10
19,Amy Underwood,Agency,2024-12-26
20,Derek Clark,Career Page,2024-09-25
21,Emily Rios,LinkedIn,2024-07-20
22,Maria Thomas,Referral,2024-04-12
23,Justin Baker,Agency,2024-10-02
24,Kevin Cox,Career Page,2024-04-11
25,Ann Williams,Career Page,2024-03-31
26,Christopher Becker,Referral,2024-10-06
27,James Ferrell,Referral,2024-09-10
28,Juan Dunlap,Career Page,2024-11-08
29,Melanie Herrera,LinkedIn,2024-05-31
30,Gina Carter,LinkedIn,2024-04-19
31,Troy Liu,Agency,2024-05-30
32,Pamela Romero,LinkedIn,2024-03-30
33,Elizabeth Fowler,Career Page,2024-10-11
34,James Martin,Career Page,2024-12-16
35,Tamara George,Career Page,2024-08-25
36,Timothy Koch,LinkedIn,2025-01-05
37,Cynthia Allen,Agency,2024-09-25
38,Angelica Tucker,LinkedIn,2024-03-15
39,Kim Martinez,Agency,2024-10-31
40,Joshua Baker,LinkedIn,2025-01-21
41,Tracey Hickman,Career Page,2024-12-07
42,Christina Collins,Career Page,2024-11-04
43,Jessica Holmes,Referral,2024-04-04
44,Austin Smith,LinkedIn,2024-09-20
45,Daniel Jones,LinkedIn,2024-10-20
46,Austin Johnson,Referral,2024-06-25
47,David Caldwell, Career Page ,2024-05-11
48,Miranda Khan,LinkedIn,2024-09-28
49,Richard Aguirre,Referral,2024-05-01
50,Matthew Gomez,LinkedIn,2024-07-26
51,Nicholas Nunez,Agency,2024-10-25
52,James Morgan,Career Page,2025-01-17
53,Corey Herrera,Agency,2024-04-12
54,Donald Wright,Career Page,2025-02-10
55,Robert Chase,Referral,2024-03-27
56,Zachary Huff,Career Page,2024-03-25
57,Sarah Martin,Career Page,2024-08-24
58,Dr. Steven Martin,Referral,2024-02-18
59,Mrs. Rachel Gibson,Career Page,2024-07-31
60,Monica Logan,LinkedIn,2024-11-01
61,Brittney Phillips,Referral,2024-03-11
62,Kimberly Adkins,Referral,2024-03-11
63,John Calhoun,Referral,2024-09-11
64,Tyler Miller,Agency,2024-04-30
65,Barry Hensley,Agency,2024-07-23
66,Steve Sanchez,Career Page,2024-10-05
67,Bradley Sandoval,referral,2024-09-24
68,Taylor Harris,Career Page,2024-11-22
69,Derek Anderson,LinkedIn,2024-10-25
70,Eugene Walton,Referral,2024-03-17
71,Marc Hart,LinkedIn,2024-03-27
72,Daniel Baker,Career Page,2025-02-14
73,Benjamin Sanchez,agency,2024-06-07
74,Roy Warner,Career Page,2024-10-12
75,Dr. Kendra Contreras,LinkedIn,2024-09-20
76,Matthew Mcmillan,Referral,2024-04-10
77,,Career Page,2024-04-18
78,Larry Robbins,Referral,2024-05-07
79,Sarah Wagner,Agency,2024-05-25
80,Sarah Davis,Agency,2024-07-31
81,Amanda Cook,Agency,2024-04-08
82,Deborah Figueroa,Referral,2024-09-19
83,Kristina Rodriguez,Career Page,2025-01-25
84,Brittany Johnson,Referral,2024-07-10
85,Brittany Anderson,Referral,2024-06-16
86,Timothy Stanton,Career Page,2024-03-04
87,Christine Wright,Agency,2024-03-28
88,Justin Baxter,Agency,2024-10-16
89,Tammy Young,Career Page,2024-04-21
90,Rita Keith,Referral,2024-02-27
91,Tim Patton,Referral,2024-07-26
92,Sharon Cochran,agency,2024-05-31
93,Michael Reyes,LinkedIn,2024-03-04
94,Courtney Velasquez,LinkedIn,2024-08-14
95,Robert Savage,LinkedIn,2024-05-14
96,Corey Murphy,Referral,2025-01-18
97,Raymond Bell,Referral,2024-09-02
98,William Herrera,Agency,2025-02-16
99,Shawn Green,LinkedIn,2024-09-30
100,Deborah Rodriguez,Agency,2024-08-04
101,Richard Graham,Agency,2024-09-03
102,Steven Lee,Agency,2024-03-06
103,April Frost,Career Page,2024-09-14
104,Teresa Mclaughlin,LinkedIn,2024-05-04
105,Benjamin Beck,LinkedIn,2024-06-25
106,Mary Martinez,Career Page,2025-02-01
107,Eric Ortiz,Career Page,2024-07-23
108,Kristen Lee,LinkedIn,2024-11-02
109,Megan Orr,Career Page,2024-10-14
110,Jennifer Bass,Agency,2024-06-15
111,,Referral,2024-10-29
112,Jeremy Lowe,Agency,2024-09-03
113,Steven Flynn,LinkedIn,2024-04-23
114,Diane Beck,Career Page,2024-10-15
115,Robert Potter,Referral,2024-11-05
116,Robert Hernandez,LinkedIn,2024-03-06
117,John Atkinson,Career Page,2024-03-17
118,Stephen Johnston,Referral,2024-11-22
119,Kathleen Sanchez,Referral,2024-10-29
120,Stephanie Dalton,Career Page,2025-01-26
121,Jeffery Thompson,Referral,2024-11-14
122,Amber Wright,LinkedIn,2025-01-12
123,Casey Marshall,Career Page,2024-09-11
124,Linda Dodson DVM, Agency ,2024-10-12
125,Stephanie Simmons,LinkedIn,2025-02-04
126,Stephanie Manning,LinkedIn,2024-08-20
127,Paul Larsen,Career Page,2024-06-04
128,Kelly Sims,Career Page,2024-06-03
129,Micheal Young,Referral,2024-06-27
130,Joshua Taylor,LinkedIn,2024-05-17
131,Christian Lewis,Referral,2024-07-28
132,Joshua Perry,LinkedIn,2024-05-08
133,Jean Carrillo,LinkedIn,2024-11-14
134,Spencer Johnston,Agency,2024-08-21
135,Guy Molina,LinkedIn,2025-01-14
136,Sara Medina,Referral,2024-11-29
137,Lindsey Walker,Referral,2024-05-13
138,John Price,Agency,2024-11-03
139,Jennifer Martin,Referral,2024-08-17
140,Veronica Ferguson,Career Page,2025-02-04
141,Justin Johnson,Agency,2024-10-24
142,Sean White,Referral,2024-05-29
143,Daniel Murphy,Referral,2024-12-09
144,Diana Bean,Career Page,2024-07-30
145,Bradley Smith,Agency,2024-09-14
146,Trevor Walker,Career Page,2024-03-15
147,Marissa Webster,Agency,2024-05-24
148,Alex Hernandez,Agency,2024-04-07
149,Brian Gould,LinkedIn,2024-08-16
150,Pamela Jackson,Referral,2024-10-10
151,Michelle Strickland,Referral,2024-04-21
152,Ashley Johnson,LinkedIn,2024-06-18
153,Susan Brooks,Career Page,2024-11-21
154,Kevin Rivas,LinkedIn,2024-05-22
155,Raymond Jefferson,Referral,2024-10-08
156,Rebecca Knight,Referral,2024-03-04
157,Jeffrey Wood,LinkedIn,2024-09-01
158,Alexandria Fisher,LinkedIn,2024-08-26
159,Tyler Reid,LinkedIn,2025-01-04
160,Christian Thompson,Referral,2024-09-07
161,Debra Morton,LinkedIn,2024-09-14
162,Julie Petersen,LinkedIn,2024-10-05
163,Samuel Rivas, Career Page ,2024-03-22
164,Jerry Christensen, LinkedIn ,2024-09-26
165,Jamie Johnson,Referral,2025-01-13
166,John Kelly,Career Page,2024-05-28
167,Spencer Haynes,Agency,2024-06-04
168,Kellie Lee,Referral,2024-05-21
169,Katherine Chang,Referral,2024-11-12
170,Michael West,Agency,2024-02-24
171,Daniel Holt,Referral,2024-06-15
172,Jackie Tran,Agency,2024-06-30
173,Patrick Rivera,Agency,2024-11-16
174,Eric Hall,Referral,2024-11-24
175,Bryan Herrera,LinkedIn,2024-12-10
176,Cheryl Rodgers,LinkedIn,2024-06-04
177,Vanessa Warren,Agency,2024-06-06
178,Dr. Elizabeth Ward,Career Page,2024-06-14
179,Joseph Hill,Agency,2024-03-10
180,Melissa Martinez,Agency,2025-01-20
181,Ashley Smith,Agency,2024-06-07
182,Jeremiah Lopez,LinkedIn,2024-03-08
183,Scott Wilson,LinkedIn,2024-03-14
184,Benjamin Soto,LinkedIn,2024-03-09
185,Robert Avery,Agency,2024-03-22
186,Bailey Duran DDS,Career Page,2024-12-21
187,Patricia James,LinkedIn,2025-02-04
188,Scott Branch,Referral,2024-06-15
189,Amy Choi,Referral,2024-03-27
190,Christine Clark,Referral,2024-10-31
191,David Arnold,Agency,2024-04-18
192,Jerry Wheeler,Referral,2024-06-10
193,Dwayne Campbell,Agency,2025-01-16
194,Michael Bradshaw,Referral,2024-12-19
195,Leah Lara,Career Page,2024-05-04
196,Joshua Holland,Agency,2025-02-04
197,Charles Brown,Referral,2024-12-21
198,Paul Carroll,LinkedIn,2024-06-09
199,John Torres,Agency,2024-07-23
200,Kathryn Snyder,LinkedIn,2024-03-20
33,Elizabeth Fowler,Career Page,2024-10-11
22,Maria Thomas,Referral,2024-04-12
176,Cheryl Rodgers,LinkedIn,2024-06-04
191,David Arnold,Agency,2024-04-18
48,Miranda Khan,LinkedIn,2024-09-28
